<?xml version="1.0" encoding="UTF-8" standalone="yes"?>
<data-set xmlns:xsi="http://www.w3.org/2001/XMLSchema-instance">
    <section data-rel="back_wall">
        <id>BW</id>
        <title>Back Wall Layout</title>
        <folder>back_wall</folder>
        <optional>0</optional>
        <sub>0</sub>
        <thumbs file-w="30">
            <item value="separator" default="1">
                <name>Popular Layouts</name>
            </item>
            <item value="C" side-wall="B:F:J:K:L:M:N:O:P:T:R:S:T:U:1:2:3:4" wall-material="R:T:U" default-side-wall="C" default-wall-material="H" reflection="1" individuals="490,476:1560,476:1560,1220:490,1220-490,1308:832,1308:832,1679:490,1679-854,1308:1185,1308:1185,1679:854,1679-1208,1308:1563,1308:1563,1679:1208,1679" mirrors=",0,0,0" bh_wall_start="2" graphic_layout="f,s,s,s">
                <file>MSW1Rear.png</file>
                <name>Maple Leaf Square</name>
                <description>Maple Leaf Square rear wall panel layout. One large panel above handrail, three panels below.</description>
            </item>
            <item value="A" side-wall="B:F:J:K:L:M:N:O:P:T:R:S:T:U:1:2:3:4" wall-material="R:T:U" default-side-wall="A" default-wall-material="H" reflection="1" individuals="489,480:645,480:645,1224:489,1224-663,480:1385,480:1385,1224:663,1224-1405,480:1564,480:1564,1224:1405,1224-489,1310:645,1310:645,1681:489,1681-663,1310:1385,1310:1385,1681:663,1681-1405,1310:1564,1310:1564,1681:1405,1681" mirrors="0,,0,0,0,0" bh_wall_start="4" graphic_layout="v,f,v,s,h,s">
                <file>MSW2Rear.png</file>
                <name>Trinity</name>
                <description>Trinity rear wall panel layout. Medium center panel with two small side panels above handrail, same pattern below.</description>
            </item>
            <item value="T" side-wall="A:B:C:D:E:F:G:H:I:J:K:L:M:N:O:P:R:1:3:4" wall-material="R:T:U" handrail-type="back" default-side-wall="T" default-wall-material="F" default-cab-material="S" reflection="0" individuals="488,483:1558,483:1558,771:488,771-488,790:1558,790:1558,1070:488,1070-488,1091:1558,1091:1558,1372:488,1372-488,1393:1558,1393:1558,1677:488,1677" mirrors="0,0,0,0" bh_wall_start="-1" graphic_layout="h,h,h,h">
                <file>ECR-RWF9.png</file>
                <name>Dundas</name>
                <description>Dundas rear wall panel layout. Four equal sized horizontal panels (no handrail panel).</description>
            </item>
            <item value="L" side-wall="A:B:C:D:E:F:G:H:I:J:L:M:N:O:P:T:R:S:T:U:2:3:4" wall-material="R:T:U" default-side-wall="K" default-wall-material="H" reflection="1" individuals="490,487:1559,487:1559,720:490,720-490,736:1559,736:1559,968:490,968-490,984:1559,984:1559,1220:490,1220-490,1313:1559,1313:1559,1677:490,1677" mirrors="0,0,0,0" bh_wall_start="4" graphic_layout="h,h,h,h">
                <file>ECR-RWF1.png</file>
                <name>Ashbury</name>
                <description>Ashbury rear wall panel layout. Three horizontal panels above handrail, one large panel below.</description>
            </item>
            <item value="separator" default="0">
                <name>All Other Layouts</name>
            </item>
            <item value="N" side-wall="A:B:C:D:E:F:G:H:I:J:K:M:N:O:P:T:R:S:T:U:1:2:3:4" wall-material="R:T:U" default-side-wall="L" default-wall-material="H" reflection="1" individuals="517,480:835,480:835,1220:517,1220-866,480:1180,480:1180,1220:866,1220-1214,480:1529,480:1529,1220:1214,1220-517,1311:835,1311:835,1679:517,1679-866,1311:1180,1311:1180,1679:866,1679-1214,1311:1529,1311:1529,1679:1214,1679" mirrors="0,0,0,0,0,0" bh_wall_start="4" graphic_layout="v,v,v,s,s,s">
                <file>ECR-RWF3.png</file>
                <name>St. Louis Square</name>
                <description>St. Louis Square rear wall panel layout. Three large vertical panels above handrail, three panels below.</description>
            </item>
            <item value="B" side-wall="A:C:D:E:G:H:I:F:J:K:L:M:N:O:P:T:R:S:T:U:1:2:3:4" wall-material="R:T:U" default-side-wall="B" default-wall-material="H" reflection="1" individuals="487,485:827,485:827,1677:487,1677-856,485:1193,485:1193,1677:856,1677-1220,485:1559,485:1559,1677:1220,1677" mirrors="0,0,0" bh_wall_start="-1" graphic_layout="v,v,v">
                <file>MSW3Rear.png</file>
                <name>Celebration Square</name>
                <description>Celebration Square rear wall panel layout. Three equal sized vertical panels (no handrail panel).</description>
            </item>
            <item value="I" side-wall="A:B:F:J:K:L:M:N:O:P:T:R:S:T:U:1:2:3:4" wall-material="R:T:U" default-side-wall="I" default-wall-material="H" reflection="1" individuals="485,482:829,482:829,1222:485,1222-854,482:1186,482:1186,1222:854,1222-1211,482:1563,482:1563,1222:1211,1222-485,1308:1563,1308:1563,1681:485,1681" mirrors=",,,0" bh_wall_start="4" graphic_layout="v,v,v,h">
                <file>MSW9Rear.png</file>
                <name>Trafalgar</name>
                <description>Trafalgar rear wall panel layout. Three vertical panels above handrail, one large panel below.</description>
            </item>
            <item value="W" side-wall="A:B:D:E:F:G:H:I:J:K:L:M:N:O:P:T:R:1:2:3:4" wall-material="R:T:U" default-side-wall="C" default-wall-material="H" reflection="1" individuals="484,481:829,481:829,1223:484,1223-852,481:1197,481:1197,1223:852,1223-1218,481:1563,481:1563,1223:1218,1223-484,1311:829,1311:829,1682:484,1682-852,1311:1197,1311:1197,1682:852,1682-1218,1311:1563,1311:1563,1682:1218,1682" mirrors="0,0,0,0,0,0" bh_wall_start="4" graphic_layout="v,v,v,s,s,s">
                <file>MSW13Rear.png</file>
                <name>Tranquility Park</name>
                <description>Tranquility Park rear wall panel layout. Three panels above handrail, three panels below.</description>
            </item>
            <item value="P" side-wall="A:B:C:D:E:F:G:H:I:J:K:L:N:O:P:T:R:1:2:3:4" wall-material="R:T:U" default-side-wall="M" default-wall-material="H" reflection="1" individuals="490,484:700,484:700,1219:490,1219-714,484:1335,484:1335,1219:714,1219-1349,484:1559,484:1559,1219:1349,1219-487,1312:1560,1312:1560,1679:487,1679" mirrors=",,,0" bh_wall_start="4" graphic_layout="v,f,v,h">
                <file>ECR-RWF5.png</file>
                <name>Notting Hill</name>
                <description>Notting Hill rear wall panel layout. Large center panel with two small side panels above handrail, one large panel below.</description>
            </item>
            <item value="Q" side-wall="A:B:C:D:E:F:G:H:I:J:L:M:O:P:T:R:1:2:3:4" wall-material="R:T:U" default-side-wall="N" default-wall-material="H" reflection="1" individuals="487,483:1197,483:1197,720:487,720-1214,483:1558,483:1558,720:1214,720-487,737:1197,737:1197,967:487,967-1214,737:1558,737:1558,967:1214,967-487,984:1197,984:1197,1216:487,1216-1214,984:1558,984:1558,1216:1214,1216-487,1313:1558,1313:1558,1676:487,1676" mirrors=",0,,0,,0,0" bh_wall_start="7" graphic_layout="h,s,h,s,h,s,h">
                <file>ECR-RWF6.png</file>
                <name>Avant Garde</name>
                <description>Avant Garde rear wall panel layout. Six asymmetrical panels above handrail, one large panel below.</description>
            </item>
            <item value="R" side-wall="A:B:C:D:E:F:G:H:I:J:L:M:N:P:T:R:1:2:3:4" wall-material="R:T:U" default-side-wall="O" default-wall-material="H" reflection="1" individuals="487,482:697,482:697,1218:487,1218-715,482:1332,482:1332,720:713,720-715,736:1332,736:1332,967:713,967-715,981:1332,981:1332,1218:713,1218-1350,482:1561,482:1561,1218:1350,1218-487,1313:1561,1313:1561,1676:487,1676" mirrors=",0,0,0,,0" bh_wall_start="6" graphic_layout="v,h,h,h,v,h">
                <file>ECR-RWF7.png</file>
                <name>Victoria Park</name>
                <description>Victoria Park rear wall panel layout. Two vertical side panels and three horizontal middle panels above handrail, one large panel below.</description>
            </item>
            <item value="S" side-wall="A:B:C:D:E:F:G:H:I:J:K:L:M:N:O:T:R:1:2:3:4" wall-material="R:T:U" handrail-type="back" default-wall-material="H" default-side-wall="P" reflection="0" individuals="514,482:832,482:832,1679:514,1679-866,482:1183,482:1183,1679:866,1679-1219,482:1533,482:1533,1679:1219,1679" mirrors="0,0,0" bh_wall_start="-1" graphic_layout="v,v,v">
                <file>ECR-RWF8.png</file>
                <name>Rockefeller</name>
                <description>Rockefeller rear wall panel layout. Three equal sized vertical panels (no handrail bar panel)</description>
            </item>
            <item value="1" side-wall="A:B:C:D:E:F:G:H:I:J:L:M:N:O:P:T:R:S:T:U:2:3:4" wall-material="R:T:U" default-wall-material="H" default-side-wall="1" reflection="1" individuals="487,480:684,480:684,726:487,726-689,480:1356,480:1356,726:689,726-1361,480:1562,480:1562,726:1361,726-487,730:684,730:684,976:487,976-689,730:1356,730:1356,976:689,976-1361,730:1562,730:1562,976:1361,976-487,978:684,978:684,1223:487,1223-689,978:1356,978:1356,1223:689,1223-1361,978:1562,978:1562,1223:1361,1223-487,1308:684,1308:684,1684:487,1684-689,1308:1356,1308:1356,1684:689,1684-1361,1308:1562,1308:1562,1684:1361,1684" mirrors="0,07,0,0,07,0,0,07,0,0,07,0" bh_wall_start="10" graphic_layout="s,h,s,s,h,s,s,h,s,s,h,s">
                <file>ECR-RWF14.png</file>
                <name>Ashbury AL</name>
                <description>Ashbury AL</description>
            </item>
            <item value="2" side-wall="A:B:C:D:E:F:G:H:I:J:K:L:M:N:O:P:R:S:U:1:3:4" wall-material="R:T:U" default-wall-material="H" default-side-wall="2" reflection="1" individuals="487,480:684,480:684,777:487,777-689,480:1356,480:1356,777:689,777-1361,480:1562,480:1562,777:1361,777-487,782:684,782:684,1080:487,1080-689,782:1356,782:1356,1080:689,1080-1361,782:1562,782:1562,1080:1361,1080-487,1084:684,1084:684,1380:487,1380-689,1084:1356,1084:1356,1380:689,1380-1361,1084:1562,1084:1562,1380:1361,1380-487,1383:684,1383:684,1684:487,1684-689,1383:1356,1383:1356,1684:689,1684-1361,1383:1562,1383:1562,1684:1361,1684" mirrors="0,07,0,0,07,0,0,07,0,0,07,0" bh_wall_start="7" graphic_layout="s,h,s,s,h,s,s,h,s,s,h,s">
                <file>ECR-RWF15.png</file>
                <name>Dundas AL</name>
                <description>Dundas AL</description>
            </item>
            <item value="3" side-wall="A:B:C:D:E:F:G:H:I:J:K:L:M:N:O:P:T:R:S:T:U:1:2:4" wall-material="R:T:U" default-wall-material="H" default-side-wall="3" reflection="1" individuals="487,481:685,481:685,1681:487,1681-689,481:1024,481:1024,1681:689,1681-1024,481:1356,481:1356,1681:1024,1681-1356,481:1562,481:1562,1681:1356,1681" mirrors="0,07,07,0" bh_wall_start="-1" graphic_layout="v,v,v,v">
                <file>Times Square - Rear.png</file>
                <name>Time's Square</name>
                <description>Time's Square</description>
            </item>
            <item value="4" side-wall="A:B:C:D:E:F:G:H:I:J:K:L:M:N:O:P:T:R:S:T:U:1:2:3" wall-material="R:T:U" default-wall-material="H" default-side-wall="4" reflection="1" individuals="487,480:685,480:685,628:487,628-689,480:1356,480:1356,628:689,628-1359,480:1562,480:1562,628:1359,628-487,630:685,630:685,778:487,778-689,630:1356,630:1356,778:689,778-1359,630:1562,630:1562,778:1359,778-487,782:685,782:685,929:487,929-689,782:1356,782:1356,929:689,929-1359,782:1562,782:1562,929:1359,929-487,930:685,930:685,1080:487,1080-689,930:1356,930:1356,1080:689,1080-1359,930:1562,930:1562,1080:1359,1080-487,1082:685,1082:685,1230:487,1230-689,1082:1356,1082:1356,1230:689,1230-1359,1082:1562,1082:1562,1230:1359,1230-487,1230:685,1230:685,1380:487,1380-689,1230:1356,1230:1356,1380:689,1380-1359,1230:1562,1230:1562,1380:1359,1380-487,1383:685,1383:685,1530:487,1530-689,1383:1356,1383:1356,1530:689,1530-1359,1383:1562,1383:1562,1530:1359,1530-487,1527:685,1527:685,1684:487,1684-689,1527:1356,1527:1356,1684:689,1684-1359,1527:1562,1527:1562,1684:1359,1684-" mirrors="07,0,07,07,0,07,07,0,07,07,0,07,07,0,07,07,0,07,07,0,07,07,0,07" bh_wall_start="16" graphic_layout="s,h,s,s,h,s,s,h,s,s,h,s,s,h,s,s,h,s,s,h,s,s,h,s">
                <file>St. Mark's Square - Rear.png</file>
                <name>St. Mark's Square</name>
                <description>St. Mark's Square</description>
            </item>
        </thumbs>
    </section>
    <section data-rel="side_wall">
        <id>SW</id>
        <title>Side Wall Layout</title>
        <folder>side_wall</folder>
        <optional>0</optional>
        <sub>0</sub>
        <thumbs file-w="30">
            <item value="C" individuals="0,10:282,300:282,1286:0,1398-302,315:469,476:469,1223:302,1281-1585,476:1745,315:1745,1281:1585,1223-1765,302:2047,20:2047,1389:1765,1286-0,1555:282,1405:282,1900:164,2043:0,2043-302,1398:469,1313:469,1687:302,1880-1585,1310:1745,1397:1745,1872:1585,1685-1765,1405:2047,1550:2047,2047:1896,2047:1765,1895" reflections="3,4,1,2,7,8,5,6" mirrors="0,0,0,0,0,0,0,0" bh_wall_start="5">
                <file>MSW1Side.png</file>
                <name>Maple Leaf Square</name>
                <description>Maple Leaf Square side wall panel layout. Two panels above handrail, two panels below.</description>
            </item>
            <item value="A" individuals="0,12:165,175:165,1333:0,1393-182,196:376,392:376,1256:182,1327-391,402:465,474:465,1226:391,1251-1580,475:1656,405:1656,1250:1580,1224-1662,395:1868,200:1868,1325:1662,1256-1890,180:2047,25:2047,1386:1890,1332-0,1555:165,1472:165,2047:0,2047-185,1459:380,1357:380,1790:185,2025-393,1350:460,1315:460,1690:393,1775-1585,1311:1658,1349:1658,1774:1585,1686-1672,1356:1870,1457:1870,2022:1672,1790-1890,1469:2047,1550:2047,2047:1890,2047" reflections="4,5,6,1,2,3,10,11,12,7,8,9" mirrors="0,,0,0,,0,0,0,0,0,0,0" bh_wall_start="7">
                <file>MSW2Side.png</file>
                <name>Trinity</name>
                <description>Trinity side wall panel layout. Medium center panel with two small side panels above handrail, same pattern below.</description>
            </item>
            <item value="B" individuals="0,21:285,300:285,1900:162,2047:0,2047-304,316:461,477:461,1688:304,1877-1585,477:1747,319:1747,1877:1585,1688-1764,302:2047,27:2047,2047:1892,2047:1764,1900" reflections="3,4,1,2" mirrors="0,0,0,0" bh_wall_start="-1">
                <file>MSW3Side.png</file>
                <name>Celebration Square</name>
                <description>Celebration Square side wall panel layout. Three large vertical panels measuring the height of the cab (no handrail panel).</description>
            </item>
            <item value="I" individuals="0,21:289,305:289,1284:0,1388-308,325:462,477:462,1222:308,1276-1585,478:1751,316:1751,1280:1585,1222-1771,299:2047,31:2047,1384:1771,1287-0,1558:462,1316:462,1688:161,2047:0,2047-1586,1316:2047,1552:2047,2047:1895,2047:1586,1686"  reflections="3,4,1,2,6,5" mirrors=",,,,0,0" bh_wall_start="5">
                <file>MSW9Side.png</file>
                <name>Trafalgar</name>
                <description>Trafalgar side wall panel layout. Two panels above handrail, one large panel below.</description>
            </item>
            <item value="K" individuals="0,22:461,478:461,714:0,463-1586,482:2047,32:2047,472:1586,717-0,482:461,731:461,968:0,925-1586,732:2047,490:2047,927:1586,968-0,942:461,982:461,1222:0,1389-1586,982:2047,942:2047,1384:1586,1222-0,1558:461,1318:461,1689:163,2047:0,2047-1586,1318:2047,1550:2047,2047:1895,2047:1586,1686" reflections="2,1,4,3,6,5,8,7" mirrors="0,0,0,0,0,0,0,0" bh_wall_start="7">
                <file>ECR-SWF1.png</file>
                <name>Ashbury</name>
                <description>Ashbury side wall panel layout. Three horizontal panels above handrail, one large panel below.</description>
            </item>
            <item value="L" individuals="19,35:282,299:282,1289:19,1384-305,320:448,465:448,1229:305,1280-1598,465:1744,319:1744,1280:1598,1229-1766,305:2032,39:2032,1383:1766,1289-19,1546:282,1409:282,1902:162,2047:19,2047-305,1398:448,1324:448,1703:305,1876-1598,1321:1744,1396:1744,1875:1598,1701-1766,1407:2032,1543:2032,2047:1891,2047:1766,1902" reflections="3,4,1,2,7,8,5,6" mirrors="0,0,0,0,0,0,0,0" bh_wall_start="5">
                <file>ECR-SWF3.png</file>
                <name>St. Louis Square</name>
                <description>St. Louis Square side wall panel layout. Two large vertical panels above handrail, two panels below.</description>
            </item>
            <item value="M" individuals="0,19:203,225:203,1313:0,1387-223,232:354,375:354,1258:223,1310-371,380:462,476:462,1222:371,1257-1585,477:1677,382:1677,1256:1585,1222-1695,377:1830,238:1830,1307:1695,1258-1848,228:2047,29:2047,1383:1848,1312-0,1557:462,1316:462,1688:160,2047:0,2047-1586,1315:2047,1551:2047,2047:1895,2047:1586,1687" reflections="4,5,6,1,2,3,8,7" mirrors="0,0,0,0,0,0,0,0" bh_wall_start="7">
                <file>ECR-SWF5.png</file>
                <name>Notting Hill</name>
                <description>Notting Hill side wall panel layout. Three equal sized vertical side panels above handrail, one large panel below.</description>
            </item>
            <item value="N" individuals="0,21:336,358:336,646:0,460-353,364:461,476:461,713:353,654-1586,477:2047,29:2047,469:1586,717-0,478:336,665:336,952:0,923-353,670:461,731:461,968:353,957-1586,733:2047,488:2047,928:1586,964-0,940:336,973:336,1262:0,1384-353,973:461,983:461,1220:353,1260-1586,983:2047,946:2047,1379:1586,1220-0,1560:461,1319:461,1687:161,2047:0,2047-1586,1317:2047,1552:2047,2047:1895,2047:1586,1685" reflections="2,3,1,5,6,4,8,9,7,11,10" ref-individuals="0,21:461,476:461,713:0,460-1586,477:1857,219:1857,567:1586,717-1875,205:2047,29:2047,469:1875,562-0,478:461,731:461,968:0,923-1586,734:1857,589:1857,938:1586,967-1875,585:2047,488:2047,923:1875,938-0,940:461,983:461,1220:0,1384-1586,986:1857,962:1857,1308:1586,1216-1875,960:2047,945:2047,1376:1875,1316-0,1560:461,1319:461,1687:161,2047:0,2047-1586,1317:2047,1552:2047,2047:1895,2047:1586,1685" mirrors="0,,0,0,,0,0,,0,0,0" bh_wall_start="10">
                <file>ECR-SWF6.png</file>
                <name>Avant Garde</name>
                <description>Avant Garde side wall panel layout. Six asymmetrical panels above handrail, one large panel below.</description>
            </item>
            <item value="O" individuals="0,21:350,374:350,650:0,459-364,380:461,480:461,1220:364,1254-1586,481:1683,389:1683,1250:1586,1219-1695,386:2047,35:2047,467:1695,653-0,484:350,674:350,952:0,913-1695,680:2047,489:2047,917:1695,950-0,944:350,976:350,1252:0,1380-1695,975:2047,947:2047,1377:1695,1252-0,1559:461,1317:461,1686:157,2047:0,2047-1586,1317:2047,1554:2047,2047:1898,2047:1586,1686" reflections="3,4,1,2,6,5,8,7,10,9" ref-individuals="0,31:175,206:175,1311:0,1379-193,220:460,479:460,715:193,570-1587,479:1857,220:1857,570:1587,715-1871,206:2047,31:2047,1379:1871,1311-193,590:460,734:460,966:193,941-1587,734:1857,590:1857,941:1587,965-193,963:460,984:460,1214:193,1312-1587,984:1857,960:1857,1312:1587,1214-0,1559:461,1317:461,1686:157,2047:0,2047-1586,1317:2047,1554:2047,2047:1898,2047:1586,1686" mirrors="0,,,0,0,0,0,0,0,0" bh_wall_start="9">
                <file>ECR-SWF7.png</file>
                <name>Victoria Park</name>
                <description>Victoria Park side wall panel layout. One vertical side panel and three horizontal middle panels above handrail, one large panel below.</description>
            </item>
            <item value="P" individuals="15,33:274,295:274,1910:161,2047:0,2047-302,317:449,470:449,1698:302,1874-1600,475:1736,331:1736,1857:1600,1696-1763,308:2040,37:2040,2047:1894,2047:1763,1889" reflections="3,4,1,2" mirrors="0,0,0,0" bh_wall_start="-1">
                <file>ECR-SWF8.png</file>
                <name>Rockefeller</name>
                <description>Rockefeller side wall panel layout. Three equal sized vertical panels (no handrail panel).</description>
            </item>
            <item value="T" individuals="0,21:460,478:460,769:0,563-1588,478:2047,33:2047,570:1588,769-0,585:460,787:460,1073:0,1118-1588,787:2047,589:2047,1118:1588,1073-0,1138:460,1091:460,1377:0,1675-1588,1091:2047,1138:2047,1666:1588,1377-0,1696:462,1396:462,1689:157,2047:0,2047-1588,1398:2047,1688:2047,2047:1898,2047:1588,1687" reflections="2,1,4,3,6,5,8,7" mirrors="0,0,0,0,0,0,0,0" bh_wall_start="-1">
                <file>ECR-SWF9.png</file>
                <name>Dundas</name>
                <description>Dundas side wall panel layout. Four equal sized horizontal panels (no handrail)</description>
            </item>
            <item value="1" individuals="0,13:156,167:156,553:0,470-159,171:354,366:354,664:159,560-359,370:459,470:459,721:359,666-1588,473:1685,375:1685,671:1588,724-1688,372:1828,238:1828,597:1688,670-1828,234:2048,25:2048,478:1828,594-0,475:157,559:157,945:0,931-159,560:355,665:355,964:159,946-358,668:463,724:463,973:358,964-1585,725:1687,672:1687,967:1585,974-1688,669:1828,598:1828,954:1688,967-1828,596:2048,481:2048,934:1828,954-0,935:157,948:157,1338:0,1396-160,949:354,965:354,1266:160,1338-359,967:462,974:462,1227:359,1264-1586,975:1685,968:1685,1263:1586,1227-1689,966:1827,956:1827,1312:1689,1264-1830,954:2048,937:2048,1391:1830,1313-0,1551:157,1471:157,2048:0,2048-160,1466:355,1367:355,1822:160,2048-359,1364:462,1312:462,1694:359,1815-1586,1307:1686,1361:1686,1807:1586,1691-1689,1362:1827,1432:1827,1973:1689,1813-1831,1435:2048,1545:2048,2048:1889,2048:1831,1980" reflections="4,5,6,1,2,3,10,11,12,7,8,9,16,17,18,13,14,15,22,23,24,19,20,21" mirrors="0,07,0,0,07,0,0,07,0,0,07,0,0,07,0,0,07,0,0,07,0,0,07,0" bh_wall_start="19">
                <file>ECR-SWF14.png</file>
                <name>Ashbury AL</name>
                <description>Ashbury AL</description>
            </item>
            <item value="2" individuals="0,13:173,184:173,645:0,568-176,189:354,364:354,728:176,648-357,368:461,471:461,776:357,730-1586,472:1695,367:1695,729:1586,776-1699,361:1880,188:1880,648:1699,726-1883,182:2048,24:2048,574:1883,644-0,574:173,651:173,1108:0,1125-176,651:354,731:354,1090:176,1108-357,733:461,780:461,1080:357,1091-1586,779:1695,733:1695,1089:1586,1077-1698,730:1880,653:1880,1106:1698,1088-1883,652:2048,582:2048,1123:1883,1106-0,1132:173,1114:173,1569:0,1679-176,1114:354,1096:354,1453:176,1567-357,1096:461,1084:461,1384:357,1450-1586,1081:1695,1093:1695,1450:1586,1382-1698,1094:1880,1112:1880,1568:1698,1452-1883,1112:2048,1130:2048,1678:1883,1573-0,1687:173,1575:173,2039:164,2048:0,2048-176,1571:354,1458:354,1821:176,2033-357,1455:461,1389:461,1692:357,1816-1586,1387:1695,1456:1695,1818:1586,1691-1698,1460:1880,1575:1880,2034:1698,1824-1883,1578:2048,1684:2048,2048:1891,2048:1883,2040" reflections="4,5,6,1,2,3,10,11,12,7,8,9,16,17,18,13,14,15,22,23,24,19,20,21" mirrors="0,0,0,0,0,0,0,0,0,0,0,0,0,0,0,0,0,0,0,0,0,0,0,0" bh_wall_start="13">
                <file>ECR-SWF15.png</file>
                <name>Dundas AL</name>
                <description>Dundas AL</description>
            </item>
            <item value="3" individuals="0,13:168,178:168,2048:0,2048-166,179:361,369:361,1817:166,2048-358,370:463,470:463,1693:358,1815-1584,471:1685,376:1685,1807:1584,1690-1682,373:1879,188:1879,2033:1682,1807-1878,187:2048,24:2048,2048:1889,2048:1878,2034" reflections="3,2,1,4,5,6" mirrors="0,07,0,0,07,0" bh_wall_start="-1">
                <file>Times Square - Side.png</file>
                <name>Time's Square</name>
                <description>Time's Square</description>
            </item>
            <item value="4" individuals="0,13:356,365:356,548:0,282-361,372:461,471:461,626:361,551-1587,473:1683,379:1683,555:1587,626-1688,372:2048,25:2048,287:1688,552-0,290:356,552:356,727:0,561-361,556:461,629:461,776:361,728-1587,628:1683,560:1683,733:1587,776-1688,555:2048,295:2048,566:1688,730-0,569:356,732:356,907:0,839-361,734:461,781:461,927:361,908-1587,780:1683,738:1683,909:1587,927-1688,735:2048,575:2048,840:1688,909-0,847:356,911:356,1089:0,1119-361,913:461,930:461,1079:361,1089-1587,931:1683,915:1683,1087:1587,1080-1688,913:2048,848:2048,1119:1688,1089-0,1127:356,1093:356,1268:0,1398-361,1092:461,1084:461,1230:361,1266-1587,1083:1683,1092:1683,1266:1587,1232-1688,1093:2048,1128:2048,1397:1688,1268-0,1405:356,1273:356,1448:0,1676-361,1271:461,1236:461,1380:361,1445-1587,1236:1683,1271:1683,1443:1587,1383-1688,1275:2048,1404:2048,1674:1688,1446-0,1683:356,1453:356,1631:0,1960-361,1449:461,1385:461,1534:361,1625-1587,1388:1683,1448:1683,1622:1587,1535-1688,1452:2048,1682:2048,1949:1688,1628-0,1966:356,1636:356,1818:163,2048:0,2048-361,1630:461,1538:461,1692:361,1811-1587,1541:1683,1628:1683,1801:1587,1692-1688,1632:2048,1957:2048,2048:1892,2048:1688,1808" reflections="1,2,3,4,5,6,7,8,9,10,11,12,13,14,15,16,17,18,19,20,21,22,23,24,25,26,27,28,29,30,31,32" mirrors="0,07,07,0,0,07,07,0,0,07,07,0,0,07,07,0,0,07,07,0,0,07,07,0,0,07,07,0,0,07,07,0" bh_wall_start="25">
                <file>St. Mark's Square - Side.png</file>
                <name>St. Mark's Square</name>
                <description>St. Mark's Square</description>
            </item>
        </thumbs>
    </section>
    <section data-rel="opening_type">
        <id>DO</id>
        <title>Door Opening</title>
        <folder>opening_type</folder>
        <optional>0</optional>
        <sub>0</sub>
        <thumbs file-w="30">
            <item value="2C" opening="1">
                <file>CenterFrontOnly.png</file>
                <name>Center Front Only</name>
                <description>Center door opening with front access only.</description>
            </item>
            <item value="1L" opening="1">
                <file>LeftFrontOnly.png</file>
                <name>Right Front Only</name>
                <description>Single right side door opening with front access only.</description>
            </item>
            <item value="1R" opening="1">
                <file>RightFrontOnly.png</file>
                <name>Left Front Only</name>
                <description>Single left side door opening with front access only.</description>
            </item>
            <item value="2C" opening="2">
                <file>CenterFrontRear.png</file>
                <name>Center Front &amp; Rear</name>
                <description>Center door opening with both front and rear access.</description>
            </item>
            <item value="1L" opening="2">
                <file>LeftFrontRear.png</file>
                <name>Right Front &amp; Rear</name>
                <description>Single right side door opening with both front and rear access.</description>
            </item>
            <item value="1R" opening="2">
                <file>RightFrontRear.png</file>
                <name>Left Front &amp; Rear</name>
                <description>Single left side door opening with both front and rear access.</description>
            </item>
        </thumbs>
    </section>
    <section data-rel="ending_type">
        <id>ET</id>
        <title>Binding / Edging</title>
        <folder>ending_type</folder>
        <optional>0</optional>
        <sub>0</sub>
        <thumbs file-w="30">
            <item value="X">
                <file>LBinder.png</file>
                <name>"L" Binder</name>
                <description>"L" Binders. 11Ga (1/8" thick) angle.</description>
            </item>
            <item value="W" brass="0">
                <file>JBinder.png</file>
                <name>"J" Binder</name>
                <description>"J" Mitered Binders. 20 Ga  wrap around mitered corners.</description>
            </item>
            <item value="V" brass="0">
                <file>SelfEdged.png</file>
                <name>Self Edged</name>
                <description>Self edged plastic laminate edging.</description>
            </item>
            <item value="NAA" show="0" brass="0">
                <file>A-Look.png</file>
                <name>A-Look™ Binder</name>
                <description>A-Look™ aluminum extrusion binder.</description>
            </item>
            <item value="NAC" show="0" brass="0">
                <file>C-Look.png</file>
                <name>C-Look™ Binder</name>
                <description>C-Look™ aluminum extrusion binder.</description>
            </item>
        </thumbs>
    </section>
    <section data-rel="cab_material">
        <id>CMF</id>
        <title>Front / Reveal Finish</title>
        <folder>wall_material</folder>
        <optional>0</optional>
        <sub>1</sub>
        <drop>1</drop>
        <thumbs file-w="22">
            <item value="S">
                <file>no4Brushed.jpg</file>
                <name>#4 Brushed SS</name>
                <description>#4 Brushed Stainless Steel</description>
            </item>
            <item value="B">
                <file>BrushedBrass.jpg</file>
                <name>60/40 Muntz / Bronze</name>
                <description>60/40 Muntz/Bronze</description>
            </item>
        </thumbs>
    </section>
    <section data-rel="wall_material">
        <id>WMF</id>
        <title>Laminates</title>
        <folder>wall_material</folder>
        <optional>0</optional>
        <sub>1</sub>
        <drop>1</drop>
        <thumbs file-w="22">
            <item value="P" floor="R" floor-d="K">
                <file>WhiteBarn.jpg</file>
                <name>White Barn</name>
                <description>White Barn. A white background with the ticking structure of an Ash laminate design in light grey.</description>
            </item>
            <item value="Q" floor="O" floor-d="K">
                <file>GreyElm.jpg</file>
                <name>Grey Elm</name>
                <description>Grey Elm. Straight grain intermingled with refined cathedrals in a taupe color with blonde highlights and a subtle contrast.</description>
            </item>
            <item value="A" floor="T" floor-d="M">
                <file>MystiqueNight.jpg</file>
                <name>Mystique Night</name>
                <description>Mystique Night. Medium grey background with subtle hints of plum, with grey, black, and small white layered particulates.</description>
            </item>
            <item value="B" floor="S" floor-d="M">
                <file>EveningTigris.jpg</file>
                <name>Evening Tigris</name>
                <description>Evening Tigris. Warm grey background with an overlay of large white fibers and smaller charcoal grey fibers.</description>
            </item>
            <item value="C" floor="T" floor-d="M">
                <file>AsianNight.jpg</file>
                <name>Asian Night</name>
                <description>Asian Night. A vertical grain bamboo laminate design in charcoal gray tones with black graining.</description>
            </item>
            <item value="D" floor="P" floor-d="M" qturn="1">
                <file>WalnutHeights.jpg</file>
                <name>Summer Elm</name>
                <description>Summer Elm. A medium brown, relatively straight-grain Walnut laminate design with some partial cathedrals</description>
            </item>
            <item value="E" floor="T" floor-d="M">
                <file>Madagascar.jpg</file>
                <name>Madagascar</name>
                <description>Madagascar. An African Zebrawood laminate design. Black with grey and white bands of straight graining; hints of red and green peek through.</description>
            </item>
            <item value="F" floor="P" floor-d="K" brass="0" qturn="1">
                <file>KensingtonMaple.jpg</file>
                <name>Architectural Maple</name>
                <description>Architectural Maple. A classic maple laminate design in a honey-tone. Subtle graining and straight with slight anigre movement throughout.</description>
            </item>
            <item value="G" floor="T" floor-d="M">
                <file>EmpireMahogany.jpg</file>
                <name>Empire Mahogany</name>
                <description>Empire Mahogany. A reddish-brown mahogany laminate design. The rich red coloration is accented by the pronounced black graining with full cathedrals.</description>
            </item>
            <item value="H" floor="O" floor-d="M">
                <file>BiltmoreCherry.jpg</file>
                <name>Biltmore Cherry</name>
                <description>Biltmore Cherry. A reddish-brown laminate design. Grain structure has slight planking, straight grains and narrow full cathedrals.</description>
            </item>
            <item value="I" floor="P" floor-d="L" brass="0">
                <file>NaturalTigris.jpg</file>
                <name>Natural Tigris</name>
                <description>Natural Tigris. A medium scale fiber laminate design. The light brown background has an overlay of large white fibers and smaller medium brown fibers.</description>
            </item>
            <item value="J" floor="P" floor-d="L">
                <file>MonticelloMaple.jpg</file>
                <name>Monticello Maple</name>
                <description>Monticello Maple. A classic maple laminate design in a honey-tone with subtle graining.</description>
            </item>
            <item value="K" floor="P" floor-d="M">
                <file>5thAveElm.jpg</file>
                <name>5th Ave Elm</name>
                <description>5th Ave Elm. A straight grain Elm laminate design that is subtly planked and features cross-grain saw marks. Grey with brown undertones.</description>
            </item>
            <item value="S" floor="B" floor-d="K" qturn="1">
                <file>CherryBrandy.jpg</file>
                <name>Cherry Brandy</name>
                <description>Cherry Brandy. A classic wood laminate design in a warm-tone with winding grains throughout</description>
            </item>
            <item value="Z" floor="B" floor-d="K" qturn="1">
                <file>ChambrayCreme.jpg</file>
                <name>Chambray Crème</name>
                <description>Chambray Crème. a light fiber laminate design.</description>
            </item>
            <item value="R" floor="B" floor-d="K" brass="0">
                <file>ArchitecturalMaple.jpg</file>
                <name>Architectural Maple. A classic maple laminate design in a honey-tone. Subtle graining and straight with slight anigre movement throughout.</name>
                <description></description>
            </item>
        </thumbs>
    </section>
    <section data-rel="wall_metals">
        <id>WMT</id>
        <title>Metals</title>
        <folder>wall_material</folder>
        <optional>0</optional>
        <sub>1</sub>
        <drop>1</drop>
        <thumbs file-w="22">
            <item value="L" floor="B" floor-d="K" brass="0" qturn="1">
                <file>no4Brushed-2.jpg</file>
                <name>#4 Brushed SS</name>
                <description>#4 Brushed Stainless Steel.</description>
            </item>
            <item value="M" floor="B" floor-d="K" brass="0" qturn="1">
                <file>2WLSatin.jpg</file>
                <name>Textured SS</name>
                <description>Textured Satin Stainless Steel.</description>
            </item>
            <item value="N" floor="B" floor-d="K" brass="0" qturn="1">
                <file>LinenPattern.jpg</file>
                <name>Linen Pattern SS</name>
                <description>Linen Pattern Stainless Steel.</description>
            </item>
            <item value="O" floor="B" floor-d="K" brass="0">
                <file>BubbleSS.jpg</file>
                <name>Sandtex SS</name>
                <description>Sandtex Pattern Stainless Steel.</description>
            </item>
            <item value="Y" floor="P" floor-d="K">
                <file>Gold Brushed.jpg</file>
                <name>Gold Brushed SS #4</name>
                <description>Gold Brushed SS #4</description>
            </item>
            <item value="X" floor="B" floor-d="K">
                <file>SS8.jpg</file>
                <name>SS #8</name>
                <description>SS #8</description>
            </item>
        </thumbs>
    </section>
    <section data-rel="wall_material_optional">
        <id>FBH</id>
        <title>Finish Below Handrail (optional)</title>
        <folder>wall_material</folder>
        <optional>1</optional>
        <sub>1</sub>
        <drop>1</drop>
        <thumbs file-w="22">
            <item value="L" floor="T" floor-d="K" brass="0">
                <file>no4Brushed-2.jpg</file>
                <name>#4 Brushed SS</name>
                <description>#4 Brushed Stainless Steel.</description>
            </item>
            <item value="M" floor="T" floor-d="K" brass="0">
                <file>2WLSatin.jpg</file>
                <name>Textured SS</name>
                <description>Textured Satin Stainless Steel.</description>
            </item>
            <item value="N" floor="T" floor-d="K" brass="0">
                <file>LinenPattern.jpg</file>
                <name>Linen Pattern SS</name>
                <description>Linen Pattern Stainless Steel.</description>
            </item>
            <item value="O" floor="T" floor-d="K" brass="0">
                <file>BubbleSS.jpg</file>
                <name>Sandtex SS</name>
                <description>Sandtex Pattern Stainless Steel.</description>
            </item>
        </thumbs>
    </section>
    <section data-rel="ceiling_type">
        <id>CT</id>
        <title>Ceiling</title>
        <folder>ceiling_type</folder>
        <optional>0</optional>
        <sub>0</sub>
        <thumbs file-w="47">
            <item value="6" brass="1">
                <file>Phoenix.png</file>
                <name>Washington</name>
                <description>Washington Ceiling. Six brush SS finish aluminum panels, 1" stainless steel reveals. Six low profile LED pot lights (5 watts) with trims, one on each panel. Provision for escape hatch.</description>
            </item>
            <item value="5" brass="1">
                <file>Titan.png</file>
                <name>Blue Mountain</name>
                <description>Blue Mountain Ceiling. Perforated drop with brush SS on middle panels and white translucent acrylic backing. Brush finish SS light coves with 3 LED pot lights each, 2 LED fluorescent tubes installed above the coves.</description>
            </item>
            <item value="9" brass="0">
                <file>Bigwhite.png</file>
                <name>Big White</name>
                <description>Big White Ceiling.</description>
            </item>
            <item value="0" brass="1">
                <file>Bristol.png</file>
                <name>Bristol</name>
                <description>Bristol Ceiling.</description>
            </item>
            <item value="C" brass="1">
                <file>Castle.png</file>
                <name>Castle</name>
                <description>Castle Ceiling.</description>
            </item>
            <item value="B" brass="1">
                <file>LakeLouise.png</file>
                <name>Lake Louise</name>
                <description>Lake Louise Ceiling.</description>
            </item>
            <item value="D" brass="1">
                <file>Vale.png</file>
                <name>Vail</name>
                <description>Vail Ceiling.</description>
            </item>
            <item value="E" brass="1">
                <file>Aspen.png</file>
                <name>Aspen</name>
                <description>Aspen Ceiling.</description>
            </item>
            <item value="7" brass="1">
                <file>Whistler.png</file>
                <name>Whistler</name>
                <description_ss>Whistler floating ceiling. Six brush stainless steel finish aluminum panels, LED pot lights with trims, one on each panel. Provision for escape hatch.</description_ss>
                <description_brass>Whistler floating ceiling. Six 60/40 muntz/bronze panels, LED pot lights with trims, one on each panel. Provision for escape hatch.</description_brass>
            </item>
            <item value="8" brass="1">
                <file>Massif.png</file>
                <name>Massif</name>
                <description_ss>Massif framed ceiling. Six brush stainless steel finish aluminum panels, LED pot lights with trims, one on each panel. Provision for escape hatch.</description_ss>
                <description_brass>Massif framed ceiling. Six 60/40 muntz/bronze panels, LED pot lights with trims, one on each panel. Provision for escape hatch.</description_brass>
            </item>
            <item value="G" brass="1">
                <file>NorthStar.png</file>
                <name>NorthStar</name>
                <description_ss>NorthStar ceiling.</description_ss>
                <description_brass>NorthStar ceiling.</description_brass>
            </item>
        </thumbs>
    </section>
    <section data-rel="handrail_location">
        <id>HL</id>
        <title>Location</title>
        <folder>handrail_type</folder>
        <optional>0</optional>
        <sub>1</sub>
        <thumbs file-w="30">
            <item value="A">
                <file>allwalls.png</file>
                <name>All Walls</name>
                <description>All Walls</description>
            </item>
            <item value="R">
                <file>rearwallonly.png</file>
                <name>Rear Wall Only</name>
                <description>Rear Wall Only</description>
            </item>
        </thumbs>
    </section>
    <section data-rel="handrail_type">
        <id>HT</id>
        <title>Handrail</title>
        <folder>handrail_type</folder>
        <optional>0</optional>
        <sub>1</sub>
        <thumbs file-w="30">
            <item value="1">
                <file>Round1-50.png</file>
                <name>Round 1x½"</name>
                <description_ss>Round handrail 1x½", brushed stainless steel finish.</description_ss>
                <description_brass>Round handrail 1x½", 60/40 muntz/bronze finish.</description_brass>
            </item>
            <item value="2">
                <file>Flat2-25.png</file>
                <name>Flat 2x¼"</name>
                <description_ss>Flat handrail 2" x ¼", brushed stainless steel finish.</description_ss>
                <description_brass>Flat handrail 2" x ¼", 60/40 muntz/bronze finish.</description_brass>
            </item>
            <item value="3">
                <file>Flat3-25.png</file>
                <name>Flat 3x¼"</name>
                <description_ss>Flat handrail 3" x ¼", brush finish stainless steel.</description_ss>
                <description_brass>Flat handrail 3" x ¼", 60/40 muntz/bronze finish.</description_brass>
            </item>
        </thumbs>
    </section>
    <section data-rel="bumper_rail">
        <id>BMPR</id>
        <title>Bumper Rail (optional)</title>
        <folder>handrail_type</folder>
        <optional>1</optional>
        <sub>1</sub>
        <thumbs file-w="30">
            <item value="1">
                <file>Round1-50.png</file>
                <name>Round 1x½"</name>
                <description_ss>Round bumper rail 1x½", brush finish stainless steel.</description_ss>
                <description_brass>Round bumper 1x½", 60/40 muntz/bronze finish.</description_brass>
            </item>
            <item value="2">
                <file>Flat2-25.png</file>
                <name>Flat 2x¼"</name>
                <description_ss>Flat bumper rail 2" x ¼", brush finish stainless steel.</description_ss>
                <description_brass>Flat bumper rail 2" x ¼", 60/40 muntz/bronze finish.</description_brass>
            </item>
            <item value="3">
                <file>Flat6-25.png</file>
                <name>Flat 6x¼"</name>
                <description_ss>Flat bumper rail 6" x ¼", brush finish stainless steel.</description_ss>
                <description_brass>Flat bumper rail 6" x ¼", 60/40 muntz/bronze finish.</description_brass>
            </item>
        </thumbs>
    </section>
    <section data-rel="floor_type">
        <id>FT</id>
        <title>Floor</title>
        <folder>floor_type</folder>
        <optional>0</optional>
        <sub>0</sub>
        <thumbs file-w="47">
            <item value="1">
                <file>12x12Straight.png</file>
                <name>12x12 Straight Pattern</name>
                <description>12" x 12" Straight floor pattern.</description>
            </item>
            <item value="2">
                <file>12x12Diagonal.png</file>
                <name>12x12 Diagonal Pattern</name>
                <description>12" x 12" Diagonal floor pattern.</description>
            </item>
            <item value="3">
                <file>12x24Subway.png</file>
                <name>12x24 Subway Pattern</name>
                <description>12" x 24" Subway floor pattern.</description>
            </item>
            <item value="4">
                <file>12x24SubwayOffset.png</file>
                <name>12x24 Offset Subway Pattern</name>
                <description>12" x 24" Offset Subway floor pattern.</description>
            </item>
            <item value="5">
                <file>1SheetRubber.png</file>
                <name>Sheet Rubber</name>
                <description>Sheet Rubber floor pattern.</description>
            </item>
        </thumbs>
    </section>
    <section data-rel="cop_type">
        <id>COPCOT</id>
        <title>COP Type</title>
        <folder>cop_type</folder>
        <optional>0</optional>
        <sub>0</sub>
        <thumbs file-w="30">
            <item value="S">
                <file>swing.png</file>
                <name>Swing COP</name>
                <description>Full-Height Swing Return Car Station (Hinged &amp; Latched to Suit)</description>
            </item>
            <item value="A">
                <file>applied.png</file>
                <name>Applied COP</name>
                <description>Applied Car Operating Panel with Back Box (Cut-Out Required in Return Panel)</description>
            </item>
            <item value="D">
                <file>impulse.png</file>
                <name>Impulse+ Retrofit COP</name>
                <description>Impulse+ Dover Retrofit Car Operating Panel (12" x 83 1/2")</description>
            </item>
        </thumbs>
    </section>
    <section data-rel="front_cop_selection">
        <id>COPFCS</id>
        <title>Front COP Selection</title>
        <folder>cop_location</folder>
        <sub>1</sub>
        <drop>1</drop>
        <thumbs file-w="30">
            <item value="MX" opening="3" tsimage="1">
                <file>leftmainrightaux.png</file>
                <name>Left Main, Right Aux</name>
                <description>Left Main COP, Right Auxillary COP.</description>
            </item>
            <item value="XM" opening="3" tsimage="1">
                <file>rightmainleftaux.png</file>
                <name>Right Main, Left Aux</name>
                <description>Right Main COP, Left Auxillary COP.</description>
            </item>
            <item value="MA" opening="3" tsimage="1">
                <file>leftmainrightaltus.png</file>
                <name>Left Main, Right Altus</name>
                <description>Left Main COP, Right Altus Position Indicator.</description>
            </item>
            <item value="AM" opening="3" tsimage="1">
                <file>rightmainleftaltus.png</file>
                <name>Right Main, Left Altus</name>
                <description>Right Main COP, Left Altus Position Indicator.</description>
            </item>
            <item value="MO" opening="3" tsimage="1">
                <file>leftmainonly.png</file>
                <name>Left Main Only</name>
                <description>Left Main COP Only.</description>
            </item>
            <item value="OM" opening="3" tsimage="1">
                <file>rightmainonly.png</file>
                <name>Right Main Only</name>
                <description>Right Main COP Only.</description>
            </item>
            <item value="M" opening="2" tsimage="1">
                <file>frontmainleft.png</file>
                <name>Front Main Left</name>
                <description>Front Main COP.</description>
            </item>
            <item value="M" opening="1" tsimage="1">
                <file>frontmainright.png</file>
                <name>Front Main Right</name>
                <description>Front Main COP.</description>
            </item>
        </thumbs>
    </section>
    <section data-rel="rear_cop_selection">
        <id>COPRCS</id>
        <title>Rear COP Selection</title>
        <folder>cop_location</folder>
        <optional>0</optional>
        <sub>1</sub>
        <drop>1</drop>
        <thumbs file-w="30">
            <item value="OO" opening="3">
                <file>norearcop.png</file>
                <name>No Rear COP Center</name>
                <description>No Rear COP.</description>
            </item>
            <item value="OX" opening="3" tsimage="1">
                <file>rightrearaux.png</file>
                <name>Right Rear Aux Center</name>
                <description>Right Rear Auxillary COP.</description>
            </item>
            <item value="XO" opening="3" tsimage="1">
                <file>leftrearaux.png</file>
                <name>Left Rear Aux Center</name>
                <description>Left Rear Auxillary COP.</description>
            </item>
            <item value="OA" opening="3">
                <file>rightrearaltus.png</file>
                <name>Right Rear Altus Center</name>
                <description>Right Rear Altus Position Indicator.</description>
            </item>
            <item value="AO" opening="3">
                <file>leftrearaltus.png</file>
                <name>Left Rear Altus Center</name>
                <description>Left Rear Altus Position Indicator.</description>
            </item>
            <item value="O" opening="2">
                <file>norearcopleft.png</file>
                <name>No Rear COP Left</name>
                <description>No Rear COP.</description>
            </item>
            <item value="X" opening="2" tsimage="1">
                <file>rearauxleft.png</file>
                <name>Rear Aux Left</name>
                <description>Rear Auxillary COP.</description>
            </item>
            <item value="A" opening="2">
                <file>rearaltusleft.png</file>
                <name>Rear Altus Left</name>
                <description>Rear Altus Position Indicator.</description>
            </item>
            <item value="O" opening="1">
                <file>norearcopright.png</file>
                <name>No Rear COP Right</name>
                <description>No Rear COP.</description>
            </item>
            <item value="X" opening="1" tsimage="1">
                <file>rearauxright.png</file>
                <name>Rear Aux Right</name>
                <description>Rear Auxillary COP.</description>
            </item>
            <item value="A" opening="1">
                <file>rearaltusright.png</file>
                <name>Rear Altus Right</name>
                <description>Rear Altus Position Indicator.</description>
            </item>
        </thumbs>
    </section>
    <section data-rel="fire_service">
        <id>COPFS</id>
        <title>Fire Service</title>
        <folder>fire_service</folder>
        <optional>0</optional>
        <sub>0</sub>
        <thumbs file-w="30">
            <item value="C">
                <file>firecabinet.png</file>
                <name>Fire Cabinet</name>
                <description>Fire Cabinet</description>
            </item>
            <item value="S">
                <file>2000code.png</file>
                <name>2000 Code</name>
                <description>Fire Cabinet(2000 Code)</description>
            </item>
        </thumbs>
    </section>
    <section data-rel="position_indicator">
        <id>COPPI</id>
        <title>Position Indicator</title>
        <folder>position_indicator</folder>
        <optional>0</optional>
        <sub>1</sub>
        <drop>1</drop>
        <thumbs file-w="30">
            <item value="SRD" refval="RD">
                <file>segmentred.png</file>
                <name>Segment Red</name>
                <description>Segmented Red Position Indicator</description>
            </item>
            <item value="SBL" refval="BL">
                <file>segmentblue.png</file>
                <name>Segment Blue</name>
                <description>Segmented Blue Position Indicator</description>
            </item>
            <item value="G04" refval="G4">
                <file>giotto4.png</file>
                <name>4.3" Giotto</name>
                <description>MAD 4.3" Giotto digital position indicator</description>
            </item>
            <item value="G07" refval="G7">
                <file>giotto7.png</file>
                <name>7" Giotto</name>
                <description>MAD 7" Giotto digital position indicator</description>
            </item>
            <item value="M07" refval="M7">
                <file>matisse7.png</file>
                <name>7" Matisse</name>
                <description>MAD 7" Matisse digital position indicator</description>
            </item>
            <item value="M10" refval="10">
                <file>matisse10.png</file>
                <name>10.1" Matisse</name>
                <description>MAD 10.1" Matisse digital position indicator</description>
            </item>
            <item value="M15" refval="15">
                <file>matisse15.png</file>
                <name>15.6" Matisse</name>
                <description>MAD 15.6" Matisse digital position indicator</description>
            </item>
        </thumbs>
    </section>
    <section data-rel="altus">
        <id>COPALTUS</id>
        <title>Altus</title>
        <folder>position_indicator</folder>
        <optional>0</optional>
        <sub>1</sub>
        <drop>1</drop>
        <thumbs file-w="30">
            <item value="A48">
                <file>altus48.png</file>
                <name>48" Altus</name>
                <description>MAD 48" Altus large format digital position indicator.</description>
            </item>
        </thumbs>
    </section>
    <section data-rel="interaction_type">
        <id>COPIT</id>
        <title>Interaction Type</title>
        <folder>cop_interface</folder>
        <optional>0</optional>
        <sub>1</sub>
        <drop>1</drop>
        <thumbs file-w="30">
            <item value="PB">
                <file>traditional.png</file>
                <name>Traditional</name>
                <description>Traditional Elevator pushbuttons.</description>
            </item>
            <item value="TS">
                <file>touchscreen.png</file>
                <name>Touchscreen</name>
                <description>Touch-To-Go (TTG) Touch Screen.</description>
            </item>
            <item value="DD">
                <file>destinationdispatch.png</file>
                <name>Destination Dispatch</name>
                <description>Destination Dispatch (Door-In-Door Solution).</description>
            </item>
        </thumbs>
    </section>
    <section data-rel="number_of_floors">
        <id>COPNOF</id>
        <title>Number of Floors</title>
        <folder>cop_interface</folder>
        <optional>0</optional>
        <sub>1</sub>
        <drop>1</drop>
        <thumbs file-w="30">
            <item value="P1" refval="1">
                <file>smallfloors.png</file>
                <name>&lt; 5 floors</name>
                <description>5 floors or less.</description>
            </item>
            <item value="P2" refval="2">
                <file>mediumfloors.png</file>
                <name>6 - 14 floors</name>
                <description>6 to 14 floors.</description>
            </item>
            <item value="P3" refval="3">
                <file>largefloors.png</file>
                <name>15 &gt; floors</name>
                <description>More than 15 floors.</description>
            </item>
        </thumbs>
    </section>
    <section data-rel="touchscreen_size">
        <id>COPTCS</id>
        <title>Touchscreen Size</title>
        <folder>cop_interface</folder>
        <optional>0</optional>
        <sub>1</sub>
        <drop>1</drop>
        <thumbs file-w="30">
            <item value="A" refval="4">
                <file>ttg21.png</file>
                <name>21" Touch-To-Go</name>
                <description>21" Screen.</description>
            </item>
            <item value="B" refval="5">
                <file>ttg15.png</file>
                <name>15.6" Touch-To-Go</name>
                <description>15.6" Screen.</description>
            </item>
        </thumbs>
    </section>
    <section data-rel="tactile_style">
        <id>COPTCTSTYLE</id>
        <title>Tactile Style</title>
        <folder>pushbutton</folder>
        <optional>0</optional>
        <sub>1</sub>
        <drop>1</drop>
        <thumbs file-w="30">
            <item value="J">
                <file>juliussurround.png</file>
                <name>Julius Surround</name>
                <description>Julius Surround low-profile tactile/braille combination.</description>
            </item>
            <item value="F">
                <file>juliusflush.png</file>
                <name>Julius Flush</name>
                <description>Julius Flush-mount low-profile tactile/braille combination.</description>
            </item>
            <item value="C">
                <file>caesar.png</file>
                <name>SS Caesar</name>
                <description_ss>Caesar stainless steel tactile with illuminated character.</description_ss>
                <description_brass>Caesar brass tactile with illuminated character.</description_brass>
            </item>
            <item value="Q">
                <file>squareflush.png</file>
                <name>Square Flush</name>
                <description>Square surface-mount tactile/brail combination</description>
            </item>
            <item value="U">
                <file>dune.png</file>
                <name>Dune</name>
                <description>Rectangle tactile and square vandal-resistant pushbutton</description>
            </item>
            <item value="D">
                <file>california.png</file>
                <name>California</name>
                <description>California Fishtail flush-mount tactile/brail combination</description>
            </item>
            <item value="P">
                <file>pinmount.png</file>
                <name>Pin Mount</name>
                <description>Pin Mount tactile. Individual character with brail.</description>
            </item>
            <item value="S">
                <file>slimline.png</file>
                <name>Slimline</name>
                <description>Slimline narrow tactile ideal for high-density lay-out.</description>
            </item>
            <item value="R">
                <file>roundflush.png</file>
                <name>Round Flush</name>
                <description>Round surface-mount tactile/braille combination</description>
            </item>
            <item value="A">
                <file>barbutton.png</file>
                <name>BAR Button</name>
                <description>Bar/Hot Dog button with Julius Surround tactile (illuminated/non-illuminated) Customizable floors</description>
            </item>
        </thumbs>
    </section>
    <section data-rel="pushbutton">
        <id>COPPSHBTN</id>
        <title>Pushbutton</title>
        <folder>pushbutton</folder>
        <optional>0</optional>
        <sub>1</sub>
        <drop>1</drop>
        <thumbs file-w="30">
            <item value="4">
                <file>atoll.png</file>
                <name>Atoll</name>
                <description>MAD Atoll pushbutton.</description>
            </item>
            <item value="3">
                <file>bpclassic.png</file>
                <name>BP Classic</name>
                <description>MAD BP Classic pushbutton.</description>
            </item>
            <item value="0">
                <file>bsclassic.png</file>
                <name>BS Classic</name>
                <description>MAD BS Classic pushbutton.</description>
            </item>
            <item value="1">
                <file>bscalifornia.png</file>
                <name>BS California</name>
                <description>MAD BS California pushbutton.</description>
            </item>
            <item value="2">
                <file>bsmoon.png</file>
                <name>BS Moon</name>
                <description>MAD BS Moon pushbutton.</description>
            </item>
        </thumbs>
    </section>
    <section data-rel="accessory">
        <id>COPACS</id>
        <title>Accessories</title>
        <folder>accessories</folder>
        <optional>1</optional>
        <multiple>1</multiple>
        <sub>0</sub>
        <thumbs file-w="30">
            <item value="A" prefix="AC">
                <file>elight.png</file>
                <name>Emergency Light</name>
                <description>Emergency Light Unit</description>
            </item>
            <item value="B" prefix="AC">
                <file>autodialer.png</file>
                <name>Autodialer</name>
                <description>Autodialer Speaker Grille</description>
            </item>
            <item value="C" prefix="AC">
                <file>topengraving.png</file>
                <name>Top Engraving</name>
                <description>Engraving</description>
            </item>
            <item value="D" prefix="AC">
                <file>accesscontrol.png</file>
                <name>Access Control</name>
                <description>Access Control</description>
            </item>
            <item value="K" prefix="SC">
                <file>keyswitches.png</file>
                <name>Key Switches</name>
                <description>Key Switches</description>
            </item>
            <item value="E" prefix="SC">
                <file>servicecabinet.png</file>
                <name>Service Cabinet</name>
                <description>Service Cabinet</description>
            </item>
            <item value="F" prefix="SC">
                <file>certificatewindow.png</file>
                <name>Service Cabinet with Certificate Window</name>
                <description>Flush-fit Certificate Window</description>
            </item>
            <item value="G" prefix="SC">
                <file>bottomengraving.png</file>
                <name>Service Cabinet with Engraving</name>
                <description>Engraving</description>
            </item>
            <item value="SE" prefix="FS">
                <file>seismic.png</file>
                <name>Seismic</name>
                <description>Seismic LED Indicator</description>
            </item>
            <item value="CB" prefix="FS">
                <file>codeblue.png</file>
                <name>Code Blue Keyswitch &amp; Indicator</name>
                <description>Code Blue Keyswitch and Indicator</description>
            </item>
            <item value="R" prefix="UB">
                <file>runstop.png</file>
                <name>Run/Stop Keyswitch</name>
                <description>Run/Stop Keyswitch</description>
            </item>
            <item value="P" prefix="UB">
                <file>pushpull.png</file>
                <name>Push/Pull Button</name>
                <description>Push/Pull Button</description>
            </item>
            <item value="G" prefix="AR">
                <file>cdagiotto.png</file>
                <name>Giotto CDA</name>
                <description>Call Direction Arrow with Giotto screen</description>
            </item>
            <item value="A" prefix="AR">
                <file>cdaada.png</file>
                <name>ADA CDA</name>
                <description>Call Direction arrow with ADA arrows</description>
            </item>
            <item value="V" prefix="AR">
                <file>cdavandal.png</file>
                <name>Vandal Resistant CDA</name>
                <description>Call Direction arrow with vandal resistant arrows</description>
            </item>
            <item value="C" prefix="AR">
                <file>cdacfm48.png</file>
                <name>CFM48 CDA</name>
                <description>CFM48 arrow with mini ADA arrows</description>
            </item>
        </thumbs>
    </section>
    <section data-rel="hall_finish">
        <id>HALLFINISH</id>
        <title>Finish</title>
        <folder>hall_finish</folder>
        <optional>0</optional>
        <sub>0</sub>
        <thumbs file-w="30">
            <item value="B">
                <file>no4Brushed1.jpg</file>
                <name>#4 Brushed SS</name>
                <description>#4 Brushed Stainless Steel</description>
            </item>
            <item value="C">
                <file>BrushedBrass1.jpg</file>
                <name>60/40 Muntz / Bronze</name>
                <description>60/40 Muntz/Bronze</description>
            </item>
        </thumbs>
    </section>
    <section data-rel="hall_style_mounting">
        <id>HALLSTYLEMOUNTING</id>
        <title>Mounting</title>
        <folder>hall_style</folder>
        <optional>0</optional>
        <sub>1</sub>
        <drop>1</drop>
        <thumbs file-w="22">
            <item value="B">
                <file>flushmount.png</file>
                <name>Flush Mount</name>
                <description>Flush mounted hall station</description>
            </item>
            <item value="D">
                <file>pandamount.png</file>
                <name>G2 Surface Mount</name>
                <description>G2 surface mounted hall station</description>
            </item>
        </thumbs>
    </section>
    <section data-rel="hall_style_width">
        <id>HALLSTYLEWIDTH</id>
        <title>Width</title>
        <folder>hall_style</folder>
        <optional>0</optional>
        <sub>1</sub>
        <drop>1</drop>
        <thumbs file-w="30">
            <item value="B">
                <file>width4.png</file>
                <name>4"</name>
                <description>4" wide</description>
            </item>
            <item value="C">
                <file>width6.png</file>
                <name>6"</name>
                <description>6" wide</description>
            </item>
        </thumbs>
    </section>
    <section data-rel="hall_style_height">
        <id>HALLSTYLEHEIGHT</id>
        <title>Height</title>
        <folder>hall_style</folder>
        <optional>0</optional>
        <sub>1</sub>
        <drop>1</drop>
        <thumbs file-w="22">
            <item value="B">
                <file>heightregular.png</file>
                <name>Regular</name>
                <description>Regular length</description>
            </item>
            <item value="C">
                <file>heightextended.png</file>
                <name>Extended</name>
                <description>Extended length</description>
            </item>
            <item value="D">
                <file>heightsmall.png</file>
                <name>Small</name>
                <description>Small length</description>
            </item>
        </thumbs>
    </section>
    <section data-rel="hall_pushbutton">
        <id>HALLPUSHBUTTON</id>
        <title>Pushbutton</title>
        <folder>hall_options</folder>
        <optional>0</optional>
        <sub>1</sub>
        <drop>1</drop>
        <thumbs file-w="30">
            <item value="2">
                <file>bsmoon1.png</file>
                <name>BS Moon</name>
                <description>MAD BS Moon pushbutton.</description>
            </item>
            <item value="0">
                <file>bsclassic1.png</file>
                <name>BS Classic</name>
                <description>MAD BS Classic pushbutton.</description>
            </item>
            <item value="1">
                <file>bscalifornia1.png</file>
                <name>BS California</name>
                <description>MAD BS California pushbutton.</description>
            </item>
            <item value="4">
                <file>atoll1.png</file>
                <name>Atoll</name>
                <description>MAD Atoll pushbutton.</description>
            </item>
            <item value="3">
                <file>bpclassic1.png</file>
                <name>BP Classic</name>
                <description>MAD BP Classic pushbutton.</description>
            </item>
        </thumbs>
    </section>
    <section data-rel="hall_options">
        <id>HALLOPTIONS</id>
        <title>Options</title>
        <folder>hall_options</folder>
        <optional>1</optional>
        <multiple>1</multiple>
        <sub>1</sub>
        <drop>1</drop>
        <thumbs file-w="30">
            <item value="1" main-egress="1">
                <file>triflame.png</file>
                <name>Triflame Insert ANSI</name>
                <description>Triflame etching</description>
            </item>
            <item value="4" main-egress="1">
                <file>codebluekeyswitch.png</file>
                <name>Code Blue Keyswitch</name>
                <description>Code Blue keyswitch</description>
            </item>
            <item value="8" main-egress="1">
                <file>accessswitch.png</file>
                <name>Access Switch</name>
                <description>Access switch</description>
            </item>
            <item value="7" main-egress="1">
                <file>lockoutswitch.png</file>
                <name>Lock Out Switch</name>
                <description>Lock Out switch</description>
            </item>
            <item value="6" main-egress="1">
                <file>emergencypowerindicator.png</file>
                <name>Emergency Power Indicator</name>
                <description>Emergency power indicator</description>
            </item>
            <item value="2" main-egress="0">
                <file>onepi.png</file>
                <name>1 Position Indicator</name>
                <description>1 Rafaello 2.8" Pis</description>
            </item>
            <item value="3" main-egress="0">
                <file>twopi.png</file>
                <name>2 Position Indicators</name>
                <description>2 Rafaello 2.8" Pis</description>
            </item>
        </thumbs>
    </section>
    <section data-rel="hall_lantern_mounting">
        <id>HALLLANTERNMOUNTING</id>
        <title>Mounting</title>
        <folder>hall_lantern_style</folder>
        <optional>0</optional>
        <sub>1</sub>
        <drop>1</drop>
        <thumbs file-w="22">
            <item value="B">
                <file>lantern_flushmount.png</file>
                <name>Flush Mount</name>
                <description>Flush mounted hall station</description>
            </item>
            <item value="D">
                <file>lantern_pandamount.png</file>
                <name>G2 Surface Mount</name>
                <description>G2 surface mounted hall station</description>
            </item>
        </thumbs>
    </section>
    <section data-rel="hall_lantern_orientation">
        <id>HALLLANTERNORIENTATION</id>
        <title>Orientation</title>
        <folder>hall_lantern_style</folder>
        <optional>0</optional>
        <sub>1</sub>
        <drop>1</drop>
        <thumbs file-w="30">
            <item value="B">
                <file>lantern_horizontal.png</file>
                <name>Horizontal</name>
                <description>Horizontal</description>
            </item>
            <item value="C">
                <file>lantern_vertical.png</file>
                <name>Vertical</name>
                <description>Vertical</description>
            </item>
        </thumbs>
    </section>
    <section data-rel="hall_lantern_width">
        <id>HALLLANTERNWIDTH</id>
        <title>Width</title>
        <folder>hall_lantern_style</folder>
        <optional>0</optional>
        <sub>1</sub>
        <drop>1</drop>
        <thumbs file-w="30">
            <item value="B">
                <file>lantern_hor_width_regular.png</file>
                <name>Regular</name>
                <description>Regular length</description>
            </item>
            <item value="C">
                <file>lantern_hor_width_extended.png</file>
                <name>Extended</name>
                <description>Extended length</description>
            </item>
        </thumbs>
    </section>
    <section data-rel="hall_lantern_height">
        <id>HALLLANTERNHEIGHT</id>
        <title>Height</title>
        <folder>hall_lantern_style</folder>
        <optional>0</optional>
        <sub>1</sub>
        <drop>1</drop>
        <thumbs file-w="30">
            <item value="B">
                <file>lantern_hor_height4.png</file>
                <name>4"</name>
                <description>4" wide</description>
            </item>
            <item value="C">
                <file>lantern_hor_height6.png</file>
                <name>6"</name>
                <description>6" wide</description>
            </item>
        </thumbs>
    </section>
    <section data-rel="hall_lantern_arrow_type">
        <id>HALLLANTERNARROWTYPE</id>
        <title>Arrow Type</title>
        <folder>hall_lantern_options</folder>
        <optional>1</optional>
        <sub>1</sub>
        <drop>1</drop>
        <thumbs file-w="30">
            <item value="B">
                <file>lantern_ada.png</file>
                <name>ADA</name>
                <description>ADA Arrow</description>
            </item>
            <item value="C">
                <file>lantern_vantal.png</file>
                <name>Vandal Resistant</name>
                <description>Vandal Resistant Arrow</description>
            </item>
        </thumbs>
    </section>
    <section data-rel="hall_lantern_pi">
        <id>HALLLANTERNPI</id>
        <title>PI</title>
        <folder>hall_lantern_options</folder>
        <optional>0</optional>
        <sub>1</sub>
        <drop>1</drop>
        <thumbs file-w="30">
            <item value="B">
                <file>lantern_pi.png</file>
                <name>Rafaello 4.3"</name>
                <description>Rafaello 4.3" PI</description>
            </item>
            <item value="A">
                <file>lantern_none.png</file>
                <name>None</name>
                <description></description>
            </item>
        </thumbs>
    </section>
    <section data-rel="hall_building">
        <id>HALLWAYDESIGN</id>
        <title>Hallway Design</title>
        <folder>hall_building</folder>
        <optional>0</optional>
        <sub>0</sub>
        <thumbs file-w="30">
            <item value="A">
                <file>condoclassic.png</file>
                <name>Condo (Classic)</name>
                <description>Classic condo building</description>
            </item>
            <item value="B">
                <file>condomodern.png</file>
                <name>Condo (Modern)</name>
                <description>Modern condo building</description>
            </item>
            <item value="C">
                <file>office.png</file>
                <name>Office Building</name>
                <description>Office building</description>
            </item>
            <item value="D">
                <file>mall.png</file>
                <name>Shopping Mall</name>
                <description>Shopping mall</description>
            </item>
            <item value="E">
                <file>university.png</file>
                <name>University</name>
                <description>University</description>
            </item>
            <item value="F">
                <file>hospital.png</file>
                <name>Hospital</name>
                <description>Hospital</description>
            </item>
            <item value="G">
                <file>airport.png</file>
                <name>Airport</name>
                <description>Airport</description>
            </item>
            <item value="H">
                <file>garage.png</file>
                <name>Service &amp; Parking Garage</name>
                <description>Service &amp; Parking Garage</description>
            </item>
        </thumbs>
    </section>
    <section data-rel="customize_materials">
        <id>CWM</id>
        <title>Laminates</title>
        <folder>wall_material</folder>
        <optional>0</optional>
        <sub>1</sub>
        <drop>1</drop>
        <thumbs file-w="22">
            <item value="P" floor="R" floor-d="K">
                <file>WhiteBarn.jpg</file>
                <name>White Barn</name>
                <description>White Barn. A white background with the ticking structure of an Ash laminate design in light grey.</description>
            </item>
            <item value="Q" floor="O" floor-d="K">
                <file>GreyElm.jpg</file>
                <name>Grey Elm</name>
                <description>Grey Elm. Straight grain intermingled with refined cathedrals in a taupe color with blonde highlights and a subtle contrast.</description>
            </item>
            <item value="A" floor="T" floor-d="M">
                <file>MystiqueNight.jpg</file>
                <name>Mystique Night</name>
                <description>Mystique Night. Medium grey background with subtle hints of plum, with grey, black, and small white layered particulates.</description>
            </item>
            <item value="B" floor="S" floor-d="M">
                <file>EveningTigris.jpg</file>
                <name>Evening Tigris</name>
                <description>Evening Tigris. Warm grey background with an overlay of large white fibers and smaller charcoal grey fibers.</description>
            </item>
            <item value="C" floor="T" floor-d="M">
                <file>AsianNight.jpg</file>
                <name>Asian Night</name>
                <description>Asian Night. A vertical grain bamboo laminate design in charcoal gray tones with black graining.</description>
            </item>
            <item value="D" floor="P" floor-d="M" qturn="1">
                <file>WalnutHeights.jpg</file>
                <name>Summer Elm</name>
                <description>Summer Elm. A medium brown, relatively straight-grain Walnut laminate design with some partial cathedrals</description>
            </item>
            <item value="E" floor="T" floor-d="M">
                <file>Madagascar.jpg</file>
                <name>Madagascar</name>
                <description>Madagascar. An African Zebrawood laminate design. Black with grey and white bands of straight graining; hints of red and green peek through.</description>
            </item>
            <item value="F" floor="P" floor-d="K" brass="0" qturn="1">
                <file>KensingtonMaple.jpg</file>
                <name>Architectural Maple</name>
                <description>Architectural Maple. A classic maple laminate design in a honey-tone. Subtle graining and straight with slight anigre movement throughout.</description>
            </item>
            <item value="G" floor="T" floor-d="M">
                <file>EmpireMahogany.jpg</file>
                <name>Empire Mahogany</name>
                <description>Empire Mahogany. A reddish-brown mahogany laminate design. The rich red coloration is accented by the pronounced black graining with full cathedrals.</description>
            </item>
            <item value="H" floor="O" floor-d="M">
                <file>BiltmoreCherry.jpg</file>
                <name>Biltmore Cherry</name>
                <description>Biltmore Cherry. A reddish-brown laminate design. Grain structure has slight planking, straight grains and narrow full cathedrals.</description>
            </item>
            <item value="I" floor="P" floor-d="L" brass="0">
                <file>NaturalTigris.jpg</file>
                <name>Natural Tigris</name>
                <description>Natural Tigris. A medium scale fiber laminate design. The light brown background has an overlay of large white fibers and smaller medium brown fibers.</description>
            </item>
            <item value="J" floor="P" floor-d="L">
                <file>MonticelloMaple.jpg</file>
                <name>Monticello Maple</name>
                <description>Monticello Maple. A classic maple laminate design in a honey-tone with subtle graining.</description>
            </item>
            <item value="K" floor="P" floor-d="M">
                <file>5thAveElm.jpg</file>
                <name>5th Ave Elm</name>
                <description>5th Ave Elm. A straight grain Elm laminate design that is subtly planked and features cross-grain saw marks. Grey with brown undertones.</description>
            </item>
            <item value="S" floor="B" floor-d="K" qturn="1">
                <file>CherryBrandy.jpg</file>
                <name>Cherry Brandy</name>
                <description>Cherry Brandy. A classic wood laminate design in a warm-tone with winding grains throughout</description>

            </item>
            <item value="Z" floor="B" floor-d="K" qturn="1">
                <file>ChambrayCreme.jpg</file>
                <name>Chambray Crème</name>
                <description>Chambray Crème. a light fiber laminate design.</description>
            </item>
        </thumbs>
    </section>
    <section data-rel="customize_metals">
        <id>CWMT</id>
        <title>Metals</title>
        <folder>wall_material</folder>
        <optional>0</optional>
        <sub>1</sub>
        <drop>1</drop>
        <thumbs file-w="22">
            <item value="L" floor="B" floor-d="K" brass="0" qturn="1">
                <file>no4Brushed-2.jpg</file>
                <name>#4 Brushed SS</name>
                <description>#4 Brushed Stainless Steel.</description>
            </item>
            <item value="M" floor="B" floor-d="K" brass="0" qturn="1">
                <file>2WLSatin.jpg</file>
                <name>Textured SS</name>
                <description>Textured Satin Stainless Steel.</description>
            </item>
            <item value="N" floor="B" floor-d="K" brass="0" qturn="1">
                <file>LinenPattern.jpg</file>
                <name>Linen Pattern SS</name>
                <description>Linen Pattern Stainless Steel.</description>
            </item>
            <item value="O" floor="B" floor-d="K" brass="0">
                <file>BubbleSS.jpg</file>
                <name>Sandtex SS</name>
                <description>Sandtex Pattern Stainless Steel.</description>
            </item>
            <item value="Y" floor="P" floor-d="K">
                <file>Gold Brushed.jpg</file>
                <name>Gold Brushed SS #4</name>
                <description>Gold Brushed SS #4</description>
            </item>
            <item value="X" floor="B" floor-d="K">
                <file>SS8.jpg</file>
                <name>SS #8</name>
                <description>SS #8</description>
            </item>
        </thumbs>
    </section>
    <section data-rel="wall_glass_mirror">
        <id>CWGM</id>
        <title>Glass &amp; Mirror</title>
        <folder>wall_material</folder>
        <optional>0</optional>
        <sub>1</sub>
        <drop>1</drop>
        <graphic_control_menu>1</graphic_control_menu>
        <thumbs file-w="22">
            <item value="05">
                <file>Ultra White.jpg</file>
                <name>Ultra White</name>
                <description>Ultra White</description>
            </item>
            <item value="06">
                <file>Midnight Black.jpg</file>
                <name>Midnight Black</name>
                <description>Midnight Black</description>
            </item>
            <item value="07">
                <file>Maritime Grey.jpg</file>
                <name>Maritime Grey</name>
                <description>Maritime Grey</description>
            </item>
            <item value="08">
                <file>Ivory Tower.jpg</file>
                <name>Ivory Tower</name>
                <description>Ivory Tower</description>
            </item>
            <item value="09">
                <file>Egyptian Tweed.jpg</file>
                <name>Egyptian Tweed</name>
                <description>Egyptian Tweed</description>
            </item>
            <item value="10">
                <file>Candy Apple Red.jpg</file>
                <name>Candy Apple Red</name>
                <description>Candy Apple Red</description>
            </item>
            <item value="11">
                <file>Prairie Yellow.jpg</file>
                <name>Prairie Yellow</name>
                <description>Prairie Yellow</description>
            </item>
            <item value="12">
                <file>Atlantic Blue.jpg</file>
                <name>Atlantic Blue</name>
                <description>Atlantic Blue</description>
            </item>
            <item value="13">
                <file>British Racing Green.jpg</file>
                <name>British Racing Green</name>
                <description>British Racing Green</description>
            </item>
            <item value="">
                <file>Mirror.jpg</file>
                <name>Mirror</name>
                <description>Mirror</description>
            </item>
            <item value="W">
                <file>Grey Mirror.jpg</file>
                <name>Grey Mirror</name>
                <description>Grey Mirror</description>
            </item>
            <item value="V">
                <file>Bronze Mirror.jpg</file>
                <name>Bronze Mirror</name>
                <description>Bronze Mirror</description>
            </item>
        </thumbs>
    </section>
</data-set>
