<?xml version="1.0" encoding="UTF-8" standalone="yes"?>
<data-set xmlns:xsi="http://www.w3.org/2001/XMLSchema-instance">
    <image data-rel="2" data-title="Maple Leaf Square" data-preview="layout-02.jpg">
        <back_wall>MSW1Rear.png</back_wall>
        <side_wall>MSW1Side.png</side_wall>
        <opening_type>RightFrontOnly.png</opening_type>
        <ending_type>LBinder.png</ending_type>
        <cab_material>no4Brushed.jpg</cab_material>
        <wall_material>BiltmoreCherry.jpg</wall_material>
        <ceiling_type>Whistler.png</ceiling_type>
        <handrail_location>allwalls.png</handrail_location>
        <handrail_type>Round1-50.png</handrail_type>
        <floor_type>12x12Straight.png</floor_type>
        <cop_type>applied.png</cop_type>
        <front_cop_selection>frontmainleft.png</front_cop_selection>
        <fire_service>firecabinet.png</fire_service>
        <position_indicator>giotto7.png</position_indicator>
        <interaction_type>traditional.png</interaction_type>
        <number_of_floors>mediumfloors.png</number_of_floors>
        <touchscreen_size>ttg21.png</touchscreen_size>
        <tactile_style>juliussurround.png</tactile_style>
        <pushbutton>bsclassic.png</pushbutton>
        <accessories>A,B,C,D,E</accessories>
        <hall_style_mounting>flushmount.png</hall_style_mounting>
        <hall_style_width>width4.png</hall_style_width>
        <hall_style_height>heightsmall.png</hall_style_height>
        <hall_finish>no4Brushed1.jpg</hall_finish>
        <hall_pushbutton>bsclassic1.png</hall_pushbutton>
        <hall_options></hall_options>
        <hall_lantern_arrow_type></hall_lantern_arrow_type>
        <hall_lantern_pi>lantern_none.png</hall_lantern_pi>
        <hall_lantern_orientation>lantern_horizontal.png</hall_lantern_orientation>
        <hall_lantern_mounting>lantern_flushmount.png</hall_lantern_mounting>
        <hall_lantern_width>lantern_hor_width_regular.png</hall_lantern_width>
        <hall_lantern_height>lantern_hor_height4.png</hall_lantern_height>
        <hall_building>condoclassic.png</hall_building>
    </image>
    <image data-rel="3" data-title="Trinity" data-preview="layout-03.jpg">
        <back_wall>MSW2Rear.png</back_wall>
        <side_wall>MSW2Side.png</side_wall>
        <opening_type>CenterFrontOnly.png</opening_type>
        <ending_type>LBinder.png</ending_type>
        <cab_material>no4Brushed.jpg</cab_material>
        <wall_material>AsianNight.jpg</wall_material>
        <ceiling_type>Whistler.png</ceiling_type>
        <handrail_location>allwalls.png</handrail_location>
        <handrail_type>Round1-50.png</handrail_type>
        <floor_type>12x12Straight.png</floor_type>
        <cop_type>swing.png</cop_type>
        <front_cop_selection>rightmainleftaux.png</front_cop_selection>
        <fire_service>firecabinet.png</fire_service>
        <position_indicator>matisse15.png</position_indicator>
        <interaction_type>touchscreen.png</interaction_type>
        <touchscreen_size>ttg21.png</touchscreen_size>
        <tactile_style>pinmount.png</tactile_style>
        <pushbutton>bsclassic.png</pushbutton>
        <accessories>A,B,C,D,E</accessories>
        <hall_style_mounting>flushmount.png</hall_style_mounting>
        <hall_style_width>width4.png</hall_style_width>
        <hall_style_height>heightsmall.png</hall_style_height>
        <hall_finish>no4Brushed1.jpg</hall_finish>
        <hall_pushbutton>bsclassic1.png</hall_pushbutton>
        <hall_options></hall_options>
        <hall_lantern_arrow_type></hall_lantern_arrow_type>
        <hall_lantern_pi>lantern_none.png</hall_lantern_pi>
        <hall_lantern_orientation>lantern_horizontal.png</hall_lantern_orientation>
        <hall_lantern_mounting>lantern_flushmount.png</hall_lantern_mounting>
        <hall_lantern_width>lantern_hor_width_regular.png</hall_lantern_width>
        <hall_lantern_height>lantern_hor_height4.png</hall_lantern_height>
        <hall_building>condoclassic.png</hall_building>
    </image>
    <image data-rel="4" data-title="Ashbury" data-preview="layout-04.jpg">
        <back_wall>ECR-RWF1.png</back_wall>
        <side_wall>ECR-SWF1.png</side_wall>
        <opening_type>RightFrontOnly.png</opening_type>
        <ending_type></ending_type>
        <cab_material>no4Brushed.jpg</cab_material>
        <wall_material>5thAveElm.jpg</wall_material>
        <ceiling_type>Massif.png</ceiling_type>
        <handrail_location>allwalls.png</handrail_location>
        <handrail_type>Round1-50.png</handrail_type>
        <floor_type>12x12Straight.png</floor_type>
        <cop_type>applied.png</cop_type>
        <front_cop_selection>frontmainleft.png</front_cop_selection>
        <fire_service>firecabinet.png</fire_service>
        <position_indicator>giotto7.png</position_indicator>
        <interaction_type>destinationdispatch.png</interaction_type>
        <tactile_style>juliussurround.png</tactile_style>
        <pushbutton>bsclassic.png</pushbutton>
        <accessories>A,B,C,F</accessories>
        <hall_style_mounting>flushmount.png</hall_style_mounting>
        <hall_style_width>width4.png</hall_style_width>
        <hall_style_height>heightsmall.png</hall_style_height>
        <hall_finish>no4Brushed1.jpg</hall_finish>
        <hall_pushbutton>bsclassic1.png</hall_pushbutton>
        <hall_options></hall_options>
        <hall_lantern_arrow_type></hall_lantern_arrow_type>
        <hall_lantern_pi>lantern_none.png</hall_lantern_pi>
        <hall_lantern_orientation>lantern_horizontal.png</hall_lantern_orientation>
        <hall_lantern_mounting>lantern_flushmount.png</hall_lantern_mounting>
        <hall_lantern_width>lantern_hor_width_regular.png</hall_lantern_width>
        <hall_lantern_height>lantern_hor_height4.png</hall_lantern_height>
        <hall_building>condoclassic.png</hall_building>
    </image>
    <image data-rel="5" data-title="St. Louis Square" data-preview="layout-05.jpg">
        <back_wall>ECR-RWF3.png</back_wall>
        <side_wall>ECR-SWF3.png</side_wall>
        <opening_type>RightFrontOnly.png</opening_type>
        <ending_type></ending_type>
        <cab_material>no4Brushed.jpg</cab_material>
        <wall_material>KensingtonMaple.jpg</wall_material>
        <ceiling_type>Whistler.png</ceiling_type>
        <handrail_location>allwalls.png</handrail_location>
        <handrail_type>Round1-50.png</handrail_type>
        <floor_type>12x12Straight.png</floor_type>
        <cop_type>impulse.png</cop_type>
        <front_cop_selection>frontmainleft.png</front_cop_selection>
        <fire_service>2000code.png</fire_service>
        <position_indicator>giotto4.png</position_indicator>
        <interaction_type>traditional.png</interaction_type>
        <number_of_floors>smallfloors.png</number_of_floors>
        <touchscreen_size>ttg21.png</touchscreen_size>
        <tactile_style>roundflush.png</tactile_style>
        <pushbutton>bsclassic.png</pushbutton>
        <accessories>A,B,C,F</accessories>
        <hall_style_mounting>flushmount.png</hall_style_mounting>
        <hall_style_width>width4.png</hall_style_width>
        <hall_style_height>heightsmall.png</hall_style_height>
        <hall_finish>no4Brushed1.jpg</hall_finish>
        <hall_pushbutton>bsclassic1.png</hall_pushbutton>
        <hall_options></hall_options>
        <hall_lantern_arrow_type></hall_lantern_arrow_type>
        <hall_lantern_pi>lantern_none.png</hall_lantern_pi>
        <hall_lantern_orientation>lantern_horizontal.png</hall_lantern_orientation>
        <hall_lantern_mounting>lantern_flushmount.png</hall_lantern_mounting>
        <hall_lantern_width>lantern_hor_width_regular.png</hall_lantern_width>
        <hall_lantern_height>lantern_hor_height4.png</hall_lantern_height>
        <hall_building>condoclassic.png</hall_building>
    </image>
</data-set>
